Time (s),Sensor1,Sensor2,Sensor3,Sensor4,Sensor5,Sensor6,Sensor7,Sensor8
0.02583909034729004,98334.6,97198.6,97903.0,97640.6,105148.6,96641.0,92586.9,98525.7
0.09391283988952637,98336.1,97197.2,97903.7,97641.8,105148.7,96640.8,92587.3,98524.9
0.16139698028564453,98334.6,97197.7,97905.0,97642.0,105148.1,96641.2,92585.8,98523.8
0.23021578788757324,98336.7,97198.6,97904.2,97641.1,105149.2,96640.2,92586.6,98524.0
0.2985875606536865,98335.6,97197.4,97903.5,97642.4,105148.7,96640.6,92585.0,98523.8
0.3674135208129883,98335.7,97199.6,97904.1,97641.2,105148.8,96642.5,92586.8,98525.4
0.4352748394012451,98334.9,97196.2,97904.6,97640.8,105148.9,96639.9,92588.3,98526.2
0.5037558078765869,98338.2,97198.6,97904.2,97641.4,105148.1,96641.9,92586.2,98523.9
0.5726423263549805,98334.6,97199.0,97903.4,97640.9,105146.8,96641.4,92585.9,98524.9
0.6414279937744141,98336.5,97199.5,97905.5,97641.6,105147.7,96640.5,92587.0,98524.2
0.709226131439209,98335.7,97198.8,97903.4,97641.7,105148.0,96640.8,92589.4,98524.4
0.777684211730957,98334.1,97199.2,97905.8,97642.6,105147.9,96641.0,92588.2,98523.5
0.8458023071289062,98336.1,97197.5,97903.3,97641.3,105148.8,96642.0,92588.8,98524.2
0.9142434597015381,98335.9,97200.0,97903.6,97642.4,105150.2,96641.5,92586.6,98524.0
0.9823498725891113,98334.7,97198.4,97902.6,97639.9,105147.5,96642.7,92587.0,98525.0
1.0506525039672852,98335.8,97198.2,97905.0,97641.0,105146.9,96642.8,92588.6,98525.1
1.1189513206481934,98334.8,97197.2,97905.0,97641.0,105149.0,96642.5,92586.6,98523.0
1.1866850852966309,98335.7,97198.9,97903.5,97642.2,105147.1,96643.5,92585.2,98523.0
1.2556242942810059,98336.9,97198.1,97905.0,97641.9,105146.4,96642.3,92587.7,98524.3
1.3241751194000244,98337.3,97199.9,97903.9,97639.2,105149.1,96644.1,92586.7,98524.7
1.392801284790039,98333.8,97202.2,97903.7,97641.3,105147.9,96642.0,92588.4,98524.0
1.459846019744873,98334.2,97200.5,97903.1,97641.8,105147.9,96644.0,92588.1,98524.9
1.5294923782348633,98336.1,97199.9,97903.7,97640.8,105146.5,96641.8,92587.4,98523.8
1.5971887111663818,98337.5,97200.2,97903.8,97643.3,105147.2,96643.4,92586.7,98523.6
1.6667139530181885,98334.8,97199.8,97903.7,97641.7,105145.4,96643.5,92590.8,98524.3
1.7351441383361816,98336.0,97201.6,97905.4,97641.3,105147.7,96642.2,92588.4,98525.3
1.8027503490447998,98337.5,97199.2,97905.7,97643.7,105146.7,96642.9,92588.3,98525.0
1.8717267513275146,98336.6,97198.7,97904.0,97642.8,105146.7,96642.3,92587.7,98524.0
1.9395451545715332,98336.6,97200.2,97904.1,97644.1,105147.5,96641.8,92589.1,98523.4
2.0084102153778076,98335.2,97200.2,97903.6,97642.4,105146.2,96643.3,92588.9,98525.5
2.076565742492676,98337.8,97199.9,97904.9,97643.0,105145.6,96643.7,92588.6,98524.4
2.1441075801849365,98335.9,97199.0,97904.9,97643.2,105147.0,96644.3,92588.8,98523.3
2.2133913040161133,98336.8,97202.0,97905.3,97641.5,105146.8,96644.2,92587.4,98524.6
2.281332015991211,98334.6,97200.7,97905.2,97644.0,105147.0,96643.9,92589.2,98525.0
2.3500492572784424,98334.0,97199.8,97902.1,97643.0,105147.2,96643.5,92587.7,98524.2
2.420072078704834,98337.4,97198.7,97905.1,97642.8,105146.4,96646.4,92589.7,98523.8
2.4863033294677734,98335.6,97198.5,97904.4,97642.4,105146.0,96644.0,92589.2,98522.7
2.554899215698242,98335.9,97202.4,97904.9,97643.2,105146.2,96644.3,92587.6,98524.6
2.6236515045166016,98335.3,97200.9,97903.5,97642.9,105146.3,96643.4,92588.0,98524.7
2.69110369682312,98336.5,97202.2,97903.7,97643.1,105147.1,96643.3,92590.2,98525.6
2.759427070617676,98335.0,97199.3,97903.5,97640.9,105145.8,96643.3,92590.8,98523.8
2.8289549350738525,98335.7,97199.8,97905.0,97643.5,105146.3,96644.6,92589.1,98522.8
2.8971126079559326,98336.8,97199.7,97904.7,97644.0,105145.9,96645.7,92587.6,98524.3
2.9654176235198975,98337.1,97201.0,97904.4,97643.2,105146.4,96643.0,92589.2,98527.1
3.034245729446411,98336.7,97201.0,97903.6,97645.3,105146.2,96645.5,92591.6,98524.6
3.102185010910034,98336.8,97201.6,97905.5,97643.5,105145.2,96643.2,92587.7,98523.8
3.1698367595672607,98335.8,97199.0,97906.4,97644.8,105146.5,96641.2,92589.3,98524.6
3.239619016647339,98336.7,97199.4,97905.6,97643.9,105145.5,96646.1,92588.8,98523.0
3.307676076889038,98334.8,97200.8,97906.5,97645.5,105145.4,96645.4,92590.5,98525.2
3.3749608993530273,98335.0,97203.4,97903.9,97645.2,105146.7,96647.0,92591.0,98525.4
3.4432311058044434,98336.3,97211.1,97941.9,97868.7,105844.3,97617.7,94435.2,99093.5
3.5137925148010254,99292.4,99619.5,100561.7,102401.1,110257.9,103600.0,100228.4,105807.7
3.5797154903411865,100663.0,102130.8,103436.0,106558.6,114300.8,108554.5,106977.2,130939.5
3.6499111652374268,106111.2,108319.7,109397.6,112853.7,119565.0,115415.5,114539.4,131072.0
3.7174742221832275,108123.6,114232.0,116292.3,119669.8,126543.4,120617.8,122955.3,131072.0
3.7848665714263916,107486.5,110206.1,124602.0,127182.4,131072.0,127683.0,130988.8,131072.0
3.85591197013855,115371.5,119746.9,131072.0,131072.0,131072.0,131072.0,131072.0,131072.0
3.922337293624878,123044.9,128527.5,131072.0,131072.0,131072.0,131072.0,131072.0,131072.0
3.9911489486694336,130879.4,131072.0,131072.0,131072.0,131072.0,131072.0,131072.0,131072.0
4.059951066970825,131072.0,131072.0,131072.0,131072.0,131072.0,131072.0,131072.0,131072.0
4.127506732940674,131072.0,131072.0,131072.0,131072.0,131072.0,131072.0,131072.0,131072.0
4.196383714675903,131072.0,131072.0,131072.0,131072.0,131072.0,131072.0,131072.0,131072.0
4.2634851932525635,131072.0,131072.0,131072.0,131072.0,131072.0,131072.0,131072.0,131072.0
4.332530975341797,131072.0,131072.0,131072.0,131072.0,131072.0,131072.0,131072.0,131072.0
4.401441812515259,131072.0,131072.0,131072.0,131072.0,131072.0,131072.0,131072.0,131072.0
4.46870231628418,131072.0,131072.0,131072.0,131072.0,131072.0,131072.0,131072.0,131072.0
4.538508415222168,131072.0,131072.0,131072.0,131072.0,131072.0,131072.0,131072.0,131072.0
4.606486797332764,131072.0,131072.0,131072.0,131072.0,131072.0,131072.0,131072.0,131072.0
4.674459934234619,131072.0,131072.0,131072.0,131072.0,131072.0,131072.0,131072.0,131072.0
4.742021322250366,131072.0,131072.0,131072.0,131072.0,131072.0,131072.0,131072.0,131072.0
4.811602830886841,131072.0,131072.0,131072.0,131072.0,131072.0,131072.0,131072.0,131072.0
4.880284070968628,131072.0,131072.0,131072.0,131072.0,131072.0,131072.0,131072.0,131072.0
4.946866989135742,131072.0,131072.0,131072.0,131072.0,131072.0,131072.0,131072.0,131072.0
5.016627788543701,131072.0,131072.0,131072.0,131072.0,131072.0,131072.0,131072.0,131072.0
5.084149599075317,131072.0,131072.0,131072.0,131072.0,131072.0,131072.0,131072.0,131072.0
5.153169393539429,131072.0,131072.0,131072.0,131072.0,131072.0,131072.0,131072.0,131072.0
5.2211222648620605,131072.0,131072.0,131072.0,131072.0,131072.0,131072.0,131072.0,131072.0
5.29006552696228,131072.0,131072.0,131072.0,131072.0,131072.0,131072.0,131072.0,131072.0
5.357656717300415,131072.0,131072.0,131072.0,131072.0,131072.0,131072.0,131072.0,131072.0
5.427089691162109,131072.0,131072.0,131072.0,131072.0,131072.0,131072.0,131072.0,131072.0
5.494582891464233,131072.0,131072.0,131072.0,131072.0,131072.0,131072.0,131072.0,131072.0
5.563005208969116,131072.0,131072.0,131072.0,131072.0,131072.0,131072.0,131072.0,131072.0
5.63136887550354,131072.0,131072.0,131072.0,131072.0,131072.0,131072.0,131072.0,131072.0
5.698987007141113,131072.0,131072.0,131072.0,131072.0,131072.0,131072.0,131072.0,131072.0
5.768774032592773,131072.0,131072.0,131072.0,131072.0,131072.0,131072.0,131072.0,131072.0
5.8371922969818115,131072.0,131072.0,131072.0,131072.0,131072.0,131072.0,131072.0,131072.0
5.905502557754517,129739.7,131072.0,131072.0,131072.0,131072.0,131072.0,131072.0,131072.0
5.973839998245239,125604.3,129801.8,131072.0,131072.0,131072.0,131072.0,131072.0,131072.0
6.041882276535034,121630.2,125191.8,131072.0,131072.0,131072.0,131072.0,131072.0,131072.0
6.110732793807983,117324.0,120258.0,130809.2,130613.1,131072.0,131072.0,131072.0,131072.0
6.1785502433776855,113302.5,115643.4,126711.5,126437.3,131072.0,128232.5,131072.0,131072.0
6.247005224227905,109083.5,111096.7,122487.8,122108.2,131072.0,124014.9,131072.0,131072.0
6.315557479858398,105181.0,106394.4,118611.2,118145.8,131072.0,120166.1,129407.9,131072.0
6.383788347244263,101207.7,102226.1,114763.5,114444.3,131072.0,116574.4,126217.5,131072.0
6.451933145523071,97887.3,98344.5,111645.6,111012.9,130272.3,113187.0,123584.8,131072.0
6.520307540893555,94922.0,95198.1,109097.8,108653.2,127790.9,110985.4,121476.5,131072.0
6.588310956954956,93959.6,93362.2,107655.7,106937.3,125846.9,108845.5,119454.3,131072.0
6.658268451690674,94329.0,93482.2,107196.8,105820.6,123560.8,107742.8,118843.5,121972.8
6.724275827407837,94480.7,93299.8,106976.7,106079.0,123966.3,106352.8,118064.9,114196.2
6.794095754623413,94392.4,93124.5,106792.8,105989.6,123700.6,103953.6,117357.0,110380.5
6.862879037857056,94264.2,92991.5,106635.7,105902.6,123501.2,102422.0,116778.2,107533.9
6.9304962158203125,94138.8,92915.1,106453.6,105807.7,123324.2,101537.2,116250.3,105368.0
6.998633861541748,93963.4,92850.0,106281.4,105687.0,123157.9,100936.4,115832.8,103184.8
7.06780219078064,93790.2,92729.7,106175.3,105580.2,123000.0,100566.7,115449.3,101371.8
7.135915040969849,93618.5,92770.6,106085.1,105470.3,122860.9,100282.6,115109.3,100114.2
7.204312562942505,93449.8,92742.7,105989.2,105357.4,122727.2,100074.1,114816.5,99117.6
7.271764516830444,93064.2,92649.3,105886.0,105273.6,122614.1,99929.6,114546.7,98172.1
7.340579986572266,92773.9,92618.5,105795.5,105184.7,122503.9,99828.8,114322.8,97557.3
7.409239292144775,92694.7,92615.9,105712.6,105114.4,122408.2,99748.9,114150.6,96883.6
7.476957082748413,92627.8,92591.7,105641.6,105055.2,122316.4,99683.5,113988.2,96578.6
7.545884847640991,92579.4,92580.3,105575.4,105007.2,122232.3,99629.4,113855.4,96531.3
7.614074945449829,92517.4,92551.4,105516.1,104959.4,122145.1,99576.3,113728.4,96463.9
7.683469295501709,92500.3,92549.2,105452.9,104912.0,122066.6,99530.2,113622.3,96427.9
7.751698970794678,92497.1,92549.7,105390.1,104856.2,121992.6,99494.1,113516.6,96382.8
7.819499731063843,92509.8,92536.2,105315.2,104808.2,121925.9,99461.3,113420.4,96287.9
7.88727879524231,92517.0,92535.0,105245.5,104765.9,121860.8,99436.4,113326.2,96247.5
7.956850290298462,92511.5,92500.3,105051.8,104725.6,121803.5,99402.6,113242.1,96160.3
8.024388551712036,92494.7,92485.0,105008.7,104689.1,121741.5,99393.5,113162.6,96105.8
8.09208631515503,92484.8,92464.5,104956.0,104643.3,121684.9,99385.7,113082.1,95960.3
8.161707401275635,92473.9,92457.2,104920.2,104599.8,121626.6,99369.1,113009.8,95858.2
8.230140924453735,92468.4,92448.4,104877.6,104559.2,121573.4,99350.7,112928.1,95851.6
8.297614336013794,92464.6,92437.8,104848.2,104524.4,121521.3,99334.8,112854.3,95692.2
8.366885423660278,92463.4,92427.0,104819.4,104497.1,121476.5,99324.3,112781.7,95686.4
8.434106349945068,92448.6,92415.0,104795.0,104465.4,121429.7,99315.0,112717.9,95609.8
8.50242829322815,92437.0,92404.6,104767.7,104439.0,121385.6,99298.0,112650.8,95489.1
8.571768522262573,92425.6,92395.6,104743.4,104412.2,121343.5,99282.5,112590.1,95431.8
8.640184879302979,92417.8,92386.2,104710.1,104390.7,121306.5,99268.6,112519.1,95322.8
8.706942558288574,92412.0,92380.4,104675.2,104366.7,121266.6,99253.5,112463.9,95195.8
8.776747941970825,92405.9,92371.0,104614.4,104349.1,121228.6,99115.4,112404.9,95179.1
8.845426797866821,92398.1,92364.9,104588.7,104352.6,121190.6,98916.8,112350.2,95041.4
8.913063526153564,92384.6,92354.6,104567.7,104364.0,121157.4,98744.0,112290.6,94941.7
8.981149435043335,92390.0,92345.4,104548.8,104363.3,121123.5,98624.0,112237.0,94768.8
9.04953408241272,92378.8,92336.3,104526.3,104357.7,121094.3,98539.0,112175.9,94538.4
9.118795156478882,92365.7,92334.8,104504.3,104349.6,121066.0,98487.1,112113.0,94231.9
9.18683409690857,92352.4,92322.7,104484.8,104337.9,121035.9,98449.5,112037.3,93895.6
9.255818605422974,92337.5,92314.5,104464.0,104330.3,121008.1,98424.0,111958.3,93516.9
9.323359251022339,92324.0,92302.7,104448.0,104319.6,120983.0,98399.8,111869.6,93078.7
9.392118215560913,92317.0,92285.6,104430.9,104312.1,120957.8,98385.3,111782.0,92627.8
9.461437463760376,92304.3,92268.7,104410.6,104309.3,120932.6,98374.8,111680.7,92256.3
9.52893853187561,92288.0,92246.5,104392.9,104303.1,120909.3,98367.5,111570.2,91632.2
9.596867084503174,92282.2,92213.7,104376.9,104296.5,120887.1,98365.5,111391.1,90645.8
9.665426015853882,92260.6,92185.0,104358.5,104290.5,120864.6,98358.3,111248.2,90162.3
9.734979629516602,92251.2,92167.5,104340.7,104280.9,120844.8,98354.5,111135.6,90130.6
9.802607774734497,92240.6,92154.9,104322.3,104270.3,120822.4,98353.9,111048.6,90115.5
9.870416402816772,92230.5,92141.6,104308.0,104256.4,120802.2,98354.1,110952.4,90163.6
9.938196420669556,92214.8,92131.0,104300.8,104243.1,120783.5,98350.3,110850.0,90235.8
10.00685715675354,92201.0,92109.2,104283.8,104231.0,120768.3,98351.0,110683.9,89956.0
10.07548189163208,92194.3,92099.9,104264.4,104218.2,120750.1,98349.2,110532.8,89915.0
10.143964529037476,92176.4,92090.5,104247.8,104205.6,120732.9,98353.4,110225.5,89081.5
10.212395906448364,92166.1,92085.4,104230.1,104187.8,120716.1,98352.2,110039.1,89065.3
10.279905557632446,92162.7,92085.0,104211.1,104166.9,120695.5,98342.7,109946.7,89174.1
10.349064350128174,92151.2,92077.6,104188.6,104150.6,120674.2,98344.3,109862.9,89454.6
10.417259693145752,92137.5,92071.0,104170.9,104136.9,120655.1,98337.9,109775.8,89604.6
10.484903573989868,92121.8,92068.0,104151.7,104123.6,120631.4,98336.8,109706.2,89834.2
10.553881645202637,92116.1,92067.0,104136.2,104109.9,120608.4,98331.8,109635.5,90057.7
10.622692584991455,92101.9,92059.4,104117.5,104096.1,120580.2,98333.8,109571.8,90313.1
10.691407203674316,92089.0,92063.2,104099.8,104081.9,120551.4,98331.6,109508.5,90435.6
10.759173393249512,92076.2,92056.7,104085.2,104068.7,120531.0,98328.5,109450.1,90744.8
10.829163789749146,92059.1,92058.6,104063.5,104058.3,120513.1,98330.1,109393.8,90863.9
10.89575982093811,92063.1,92054.3,104047.6,104046.0,120493.7,98330.6,109336.9,91125.9
10.965432405471802,92038.9,92056.4,104035.0,104034.2,120474.2,98323.9,109289.4,91408.5
11.033450365066528,92018.6,92043.7,104019.0,104023.4,120455.3,98322.3,109229.1,91621.8
11.100899696350098,92014.6,92050.4,103998.5,104011.5,120440.9,98322.8,109195.3,91860.6
11.16864275932312,92040.2,92041.8,103984.6,104003.3,120422.1,98319.2,109135.8,91862.0
11.238159418106079,91993.8,92042.5,103968.4,103990.2,120403.6,98327.2,109080.6,92159.8
11.306052923202515,91982.1,92037.1,103951.2,103983.8,120386.6,98331.5,109027.8,92412.8
11.374041080474854,91970.5,92035.6,103937.4,103974.2,120371.2,98329.0,108986.4,92479.8
11.44243335723877,91961.8,92031.0,103920.0,103967.4,120356.0,98324.3,108941.1,92580.0
11.511502742767334,91954.9,92026.2,103912.1,103957.0,120340.5,98323.1,108891.1,92754.9
11.579970836639404,91942.4,92028.2,103901.5,103946.4,120326.7,98323.0,108842.7,92855.1
11.648720264434814,91930.9,92021.2,103889.0,103938.6,120312.3,98323.3,108794.5,93122.9
11.716086149215698,91919.6,92016.6,103876.2,103929.5,120296.2,98322.4,108748.7,93291.3
11.784417867660522,91906.6,92009.5,103861.2,103920.6,120281.7,98321.7,108708.5,93750.4
11.853131294250488,91895.9,92004.9,103846.5,103910.1,120267.2,98322.2,108664.6,94019.0
11.921165704727173,91886.0,91997.8,103832.6,103900.7,120252.6,98323.0,108622.6,94205.7
11.989940166473389,91875.0,91992.7,103815.8,103891.5,120233.7,98320.2,108582.2,94408.1
12.059476852416992,91861.8,91984.7,103803.3,103880.3,120215.4,98321.3,108547.0,94578.5
12.126792907714844,91850.7,91979.8,103788.8,103870.6,120198.3,98322.6,108508.2,94733.8
12.194638729095459,91838.2,91972.6,103774.1,103857.5,120181.7,98319.5,108474.8,94877.8
12.263648748397827,91827.7,91968.4,103755.8,103841.7,120164.4,98320.3,108442.8,95230.0
12.331934452056885,91813.5,91961.1,103744.0,103831.0,120148.3,98321.5,108410.1,95477.0
12.400492429733276,91801.7,91957.7,103727.1,103823.2,120132.5,98321.6,108378.9,95637.4
12.468939304351807,91790.1,91948.6,103714.7,103814.7,120117.9,98320.9,108349.8,95780.5
12.536656379699707,91777.5,91940.9,103702.7,103807.5,120102.9,98320.9,108321.5,95871.6
12.60530161857605,91766.4,91934.5,103690.7,103800.3,120087.2,98321.8,108292.7,95962.7
12.673657894134521,91753.6,91925.3,103676.6,103793.4,120071.3,98320.3,108262.9,96028.9
12.741584300994873,91740.9,91915.8,103664.6,103787.0,120055.7,98321.6,108236.0,96083.9
12.809978008270264,91727.4,91909.5,103650.4,103779.2,120038.6,98319.3,108208.8,96093.8
12.878939628601074,91713.7,91898.2,103638.5,103772.3,120022.0,98319.7,108186.2,96147.4
12.947459936141968,91700.2,91886.9,103625.3,103766.6,120003.3,98320.4,108157.7,96191.2
13.015618801116943,91689.6,91879.0,103613.0,103759.1,119985.5,98321.1,108132.7,96243.3
13.084175109863281,91678.1,91872.4,103600.8,103752.7,119969.2,98319.8,108108.0,96288.1
13.152329206466675,91666.2,91861.4,103586.8,103744.6,119952.7,98319.1,108083.1,96316.6
13.220130443572998,91654.1,91850.9,103575.7,103737.6,119934.6,98321.4,108057.1,96350.2
13.2893648147583,91639.0,91841.8,103561.5,103731.3,119918.5,98320.3,108033.9,96380.0
13.356870651245117,91629.9,91832.2,103551.5,103724.3,119901.1,98320.2,108009.7,96419.2
13.425158500671387,91617.6,91822.4,103541.6,103717.1,119884.7,98319.7,107987.8,96447.5
13.494698286056519,91605.5,91814.5,103531.0,103710.6,119866.7,98321.6,107963.2,96467.4
13.562922239303589,91592.9,91808.8,103519.6,103705.1,119851.2,98320.6,107939.9,96498.9
13.63121747970581,91580.2,91800.3,103502.2,103699.3,119836.9,98321.1,107916.8,96517.6
13.700181722640991,91566.2,91797.8,103487.5,103693.6,119821.3,98319.8,107894.5,96549.4
13.767213106155396,91554.2,91795.7,103470.8,103688.3,119807.2,98320.9,107872.3,96569.7
13.836256504058838,91542.3,91795.6,103451.8,103684.0,119792.0,98320.8,107851.7,96584.7
13.903985261917114,91532.0,91788.7,103429.8,103677.3,119776.9,98319.5,107830.7,96610.5
13.972782611846924,91519.1,91782.3,103416.8,103672.1,119762.1,98320.8,107809.2,96622.6
14.04145622253418,91505.9,91776.7,103402.7,103665.0,119747.5,98322.4,107787.0,96650.9
14.109946966171265,91494.9,91770.4,103392.5,103659.3,119733.5,98320.6,107766.8,96670.4
14.177701711654663,91484.4,91763.8,103380.5,103653.5,119722.2,98320.4,107748.3,96685.7
14.24638319015503,91472.2,91756.0,103368.0,103650.5,119708.4,98320.7,107728.5,96696.7
14.315181255340576,91459.3,91752.1,103357.7,103644.0,119697.8,98319.0,107707.8,96712.0
14.382900476455688,91446.9,91748.2,103345.5,103638.5,119684.2,98321.0,107687.5,96731.1
14.451253652572632,91434.3,91741.3,103337.5,103632.2,119672.5,98320.9,107669.5,96743.8
14.520145654678345,91423.3,91733.2,103326.1,103626.7,119659.6,98321.1,107650.0,96764.0
14.587855815887451,91413.8,91727.7,103318.0,103621.4,119648.0,98318.8,107631.5,96814.5
14.656201601028442,91402.2,91721.4,103306.9,103615.4,119636.8,98318.9,107613.5,96845.2
14.725297927856445,91389.2,91713.3,103297.5,103610.4,119624.2,98321.8,107597.8,96863.2
14.792714834213257,91377.2,91706.9,103288.0,103603.1,119613.7,98320.2,107579.9,96885.6
14.861384391784668,91366.5,91700.5,103279.6,103599.7,119603.6,98321.2,107564.5,96897.4
14.930193185806274,91354.8,91695.4,103269.5,103595.1,119592.7,98321.1,107546.9,96920.6
14.997877597808838,91342.9,91687.0,103260.4,103589.5,119583.7,98320.1,107529.9,96945.6
15.066899299621582,91331.4,91680.6,103251.1,103583.4,119572.2,98318.6,107514.5,96961.4
